{
    "metadata": {
        "version": 3,
        "vertices": 42,
        "generator": "io_three",
        "uvs": 0,
        "faces": 72,
        "type": "Geometry",
        "normals": 42
    },
    "vertices": [0.377485,-0.784662,0.232481,1.96812,0.252697,-0.14912,0.266971,0.264755,0.584649,0.122376,0.253326,-0.360898,1.12193,0.203198,-0.956179,0.902515,0.923035,0.209132,1.85703,-0.646846,0.038246,1.27993,-0.646845,-0.762885,1.05562,-0.521385,0.99624,0.339675,-0.568073,-0.461591,1.50749,0.260726,0.872393,1.24891,0.826359,-0.284156,-1.7084,-0.648674,0.148814,-0.202248,0.343861,-0.217187,-1.77184,0.348345,0.452107,-1.90183,0.347212,-0.417974,-0.982209,0.291492,-0.970989,-1.18486,0.956327,0.105283,-0.303274,-0.420849,-0.052547,-0.836786,-0.697101,-0.712021,-1.03917,-0.551898,0.707823,-1.7047,-0.606067,-0.514192,-0.626114,0.344624,0.717865,-1.07898,-0.01208,0.851809,-0.864928,0.867038,-0.350314,-0.724008,-0.693809,0.235241,0.892291,0.523793,-0.003618,-0.796989,0.361003,0.584116,-0.724007,0.523792,-0.521546,0.27229,0.523791,-0.849739,-0.121789,1.06036,0.185167,0.15086,-0.795428,-0.05631,0.892291,-0.523793,0.003618,0.279175,-0.63458,-0.847502,0.062446,-0.635141,0.891471,-0.719749,-0.63458,-0.527408,-0,0.053589,-1.04389,0.992798,0.05359,-0.322581,0.520931,0.356723,0.889815,0,-0.053589,1.04389,-0.992798,0.05359,-0.32258,0.246226,0.95765,-0.338901],
    "faces": [32,0,8,2,0,1,2,32,7,4,1,3,4,5,32,6,1,10,6,5,7,32,0,2,3,0,2,8,32,9,3,4,9,8,4,32,1,4,11,5,4,10,32,10,1,5,7,5,11,32,2,10,5,2,7,11,32,3,2,5,8,2,11,32,4,3,11,4,8,10,32,11,3,5,10,8,11,32,5,1,11,11,5,10,32,8,10,2,1,7,2,32,9,0,3,9,0,8,32,8,6,10,1,6,7,32,6,7,1,6,3,5,32,7,9,4,3,9,4,32,0,6,8,0,6,1,32,7,0,9,3,0,9,32,0,7,6,0,3,6,32,19,20,12,12,13,14,32,12,20,14,14,13,15,32,19,16,13,12,16,17,32,18,13,22,18,17,19,32,12,14,15,14,15,20,32,21,15,16,21,20,16,32,13,16,24,17,16,22,32,22,13,17,19,17,23,32,14,22,17,15,19,23,32,15,14,17,20,15,23,32,16,15,24,16,20,22,32,24,15,17,22,20,23,32,17,13,24,23,17,22,32,23,22,14,24,19,15,32,21,12,15,21,14,20,32,14,20,23,15,13,24,32,23,20,22,24,13,19,32,20,18,22,13,18,19,32,18,19,13,18,12,17,32,19,21,16,12,21,16,32,19,12,21,12,14,21,32,19,18,20,12,18,13,32,31,34,25,25,26,27,32,25,34,27,27,26,28,32,33,36,37,29,30,31,32,32,37,38,32,31,33,32,25,27,40,27,28,34,32,35,40,36,35,34,30,32,26,29,41,36,37,38,32,38,26,30,33,36,39,32,27,38,30,28,33,39,32,28,27,30,40,28,39,32,29,28,41,37,40,38,32,41,28,30,38,40,39,32,30,26,41,39,36,38,32,36,28,29,30,40,37,32,36,40,28,30,34,40,32,40,27,28,34,28,40,32,39,38,27,41,33,28,32,38,37,26,33,31,36,32,37,29,26,31,37,36,32,37,36,29,31,30,37,32,35,25,40,35,27,34,32,27,34,39,28,26,41,32,39,34,38,41,26,33,32,34,32,38,26,32,33,32,32,33,37,32,29,31,32,33,35,36,29,35,30,32,31,25,35,25,27,35,32,31,32,34,25,32,26,32,33,31,35,29,25,35,32,31,33,32,25,29,32],
    "uvs": [],
    "name": "Icosphere.002Geometry",
    "normals": [-0.582781,-0.782525,0.21897,0.023774,-0.490951,0.870846,-0.745109,0.307352,0.591876,0.252602,-0.645619,-0.720634,0.081332,0.278451,-0.956969,0.928922,0.329661,-0.168401,0.760338,-0.648183,0.040803,0.48558,0.364086,0.794733,-0.859462,0.330546,-0.389874,-0.653798,-0.545885,-0.523972,0.247536,0.908261,-0.337291,-0.115238,0.969665,0.21543,0.295572,-0.734031,-0.611377,0.070406,-0.678426,0.731254,-0.634907,-0.712424,0.298807,-0.746818,0.318766,0.583605,0.096622,0.270333,-0.957884,0.929746,0.327586,-0.167913,0.840846,-0.537736,0.061312,0.517563,0.366802,0.773003,-0.849818,0.352275,-0.39201,-0.630024,-0.608478,-0.482467,0.247139,0.907376,-0.339915,-0.115421,0.969329,0.216865,-0.119938,0.020173,0.992553,0.123936,-0.992248,-0.005951,0.064882,-0.670034,0.739464,-0.63979,-0.70867,0.297311,-0.742149,0.330363,0.583117,0.279214,-0.637501,-0.71804,-0.031037,0.056215,-0.997925,0.946257,0.043611,-0.320353,0.817805,-0.567156,0.097415,0.512314,0.348613,0.784845,-0.956206,0.057711,-0.286905,-0.601215,-0.628559,-0.493362,0.862972,0.500839,0.066408,0.290658,0.496384,-0.817988,0.244667,0.906217,-0.344798,-0.142155,0.96054,0.239051,-0.664022,0.53914,-0.518052,-0.130955,0.020478,0.99115]
}