{
    "materials": [{
        "visible": true,
        "depthWrite": true,
        "colorEmissive": [0,0,0],
        "DbgColor": 15658734,
        "colorDiffuse": [1,1,1],
        "wireframe": false,
        "opacity": 1,
        "specularCoef": 50,
        "DbgName": "White",
        "blending": "NormalBlending",
        "shading": "phong",
        "depthTest": true,
        "transparent": false,
        "colorSpecular": [0.5,0.5,0.5],
        "DbgIndex": 0
    }],
    "normals": [-0.582781,-0.782525,0.21897,0.023774,-0.490951,0.870846,-0.745109,0.307352,0.591876,0.252602,-0.645619,-0.720634,0.081332,0.278451,-0.956969,0.928922,0.329661,-0.168401,0.760338,-0.648183,0.040803,0.48558,0.364086,0.794733,-0.859462,0.330546,-0.389874,-0.653798,-0.545885,-0.523972,0.247536,0.908261,-0.337291,-0.115238,0.969665,0.21543,0.295572,-0.734031,-0.611377,0.070406,-0.678426,0.731254,-0.634907,-0.712424,0.298807,-0.746818,0.318766,0.583605,0.096622,0.270333,-0.957884,0.929746,0.327586,-0.167913,0.840846,-0.537736,0.061312,0.517563,0.366802,0.773003,-0.849818,0.352275,-0.39201,-0.630024,-0.608478,-0.482467,0.247139,0.907376,-0.339915,-0.115421,0.969329,0.216865,-0.119938,0.020173,0.992553,0.123936,-0.992248,-0.005951,0.064882,-0.670034,0.739464,-0.63979,-0.70867,0.297311,-0.742149,0.330363,0.583117,0.279214,-0.637501,-0.71804,-0.031037,0.056215,-0.997925,0.946257,0.043611,-0.320353,0.817805,-0.567156,0.097415,0.512314,0.348613,0.784845,-0.956206,0.057711,-0.286905,-0.601215,-0.628559,-0.493362,0.862972,0.500839,0.066408,0.290658,0.496384,-0.817988,0.244667,0.906217,-0.344798,-0.142155,0.96054,0.239051,-0.664022,0.53914,-0.518052,-0.130955,0.020478,0.99115],
    "faces": [34,0,8,2,0,0,1,2,34,7,4,1,0,3,4,5,34,6,1,10,0,6,5,7,34,0,2,3,0,0,2,8,34,9,3,4,0,9,8,4,34,1,4,11,0,5,4,10,34,10,1,5,0,7,5,11,34,2,10,5,0,2,7,11,34,3,2,5,0,8,2,11,34,4,3,11,0,4,8,10,34,11,3,5,0,10,8,11,34,5,1,11,0,11,5,10,34,8,10,2,0,1,7,2,34,9,0,3,0,9,0,8,34,8,6,10,0,1,6,7,34,6,7,1,0,6,3,5,34,7,9,4,0,3,9,4,34,0,6,8,0,0,6,1,34,7,0,9,0,3,0,9,34,0,7,6,0,0,3,6,34,19,20,12,0,12,13,14,34,12,20,14,0,14,13,15,34,19,16,13,0,12,16,17,34,18,13,22,0,18,17,19,34,12,14,15,0,14,15,20,34,21,15,16,0,21,20,16,34,13,16,24,0,17,16,22,34,22,13,17,0,19,17,23,34,14,22,17,0,15,19,23,34,15,14,17,0,20,15,23,34,16,15,24,0,16,20,22,34,24,15,17,0,22,20,23,34,17,13,24,0,23,17,22,34,23,22,14,0,24,19,15,34,21,12,15,0,21,14,20,34,14,20,23,0,15,13,24,34,23,20,22,0,24,13,19,34,20,18,22,0,13,18,19,34,18,19,13,0,18,12,17,34,19,21,16,0,12,21,16,34,19,12,21,0,12,14,21,34,19,18,20,0,12,18,13,34,31,34,25,0,25,26,27,34,25,34,27,0,27,26,28,34,33,36,37,0,29,30,31,34,32,37,38,0,32,31,33,34,25,27,40,0,27,28,34,34,35,40,36,0,35,34,30,34,26,29,41,0,36,37,38,34,38,26,30,0,33,36,39,34,27,38,30,0,28,33,39,34,28,27,30,0,40,28,39,34,29,28,41,0,37,40,38,34,41,28,30,0,38,40,39,34,30,26,41,0,39,36,38,34,36,28,29,0,30,40,37,34,36,40,28,0,30,34,40,34,40,27,28,0,34,28,40,34,39,38,27,0,41,33,28,34,38,37,26,0,33,31,36,34,37,29,26,0,31,37,36,34,37,36,29,0,31,30,37,34,35,25,40,0,35,27,34,34,27,34,39,0,28,26,41,34,39,34,38,0,41,26,33,34,34,32,38,0,26,32,33,34,32,33,37,0,32,29,31,34,33,35,36,0,29,35,30,34,31,25,35,0,25,27,35,34,31,32,34,0,25,32,26,34,33,31,35,0,29,25,35,34,31,33,32,0,25,29,32],
    "uvs": [],
    "metadata": {
        "materials": 1,
        "normals": 42,
        "faces": 72,
        "version": 3,
        "type": "Geometry",
        "vertices": 42,
        "uvs": 0,
        "generator": "io_three"
    },
    "name": "Icosphere.002Geometry",
    "vertices": [0.377485,-0.784662,0.232481,1.96812,0.252697,-0.14912,0.266971,0.264755,0.584649,0.122376,0.253326,-0.360898,1.12193,0.203198,-0.956179,0.902515,0.923035,0.209132,1.85703,-0.646846,0.038246,1.27993,-0.646845,-0.762885,1.05562,-0.521385,0.99624,0.339675,-0.568073,-0.461591,1.50749,0.260726,0.872393,1.24891,0.826359,-0.284156,-1.7084,-0.648674,0.148814,-0.202248,0.343861,-0.217187,-1.77184,0.348345,0.452107,-1.90183,0.347212,-0.417974,-0.982209,0.291492,-0.970989,-1.18486,0.956327,0.105283,-0.303274,-0.420849,-0.052547,-0.836786,-0.697101,-0.712021,-1.03917,-0.551898,0.707823,-1.7047,-0.606067,-0.514192,-0.626114,0.344624,0.717865,-1.07898,-0.01208,0.851809,-0.864928,0.867038,-0.350314,-0.724008,-0.693809,0.235241,0.892291,0.523793,-0.003618,-0.796989,0.361003,0.584116,-0.724007,0.523792,-0.521546,0.27229,0.523791,-0.849739,-0.121789,1.06036,0.185167,0.15086,-0.795428,-0.05631,0.892291,-0.523793,0.003618,0.279175,-0.63458,-0.847502,0.062446,-0.635141,0.891471,-0.719749,-0.63458,-0.527408,-0,0.053589,-1.04389,0.992798,0.05359,-0.322581,0.520931,0.356723,0.889815,0,-0.053589,1.04389,-0.992798,0.05359,-0.32258,0.246226,0.95765,-0.338901]
}