{
    "metadata": {
        "version": 3,
        "vertices": 11,
        "generator": "io_three",
        "uvs": 0,
        "faces": 17,
        "type": "Geometry",
        "normals": 11
    },
    "vertices": [0,-1,0,0.908334,-0.470614,0.370363,0,1,-0,0.27229,-0.52379,0.849738,-0.246228,-0.731402,0.704983,-0.908334,-0.470614,0.370363,0.127276,0.061247,0.88672,-1.0421,0.215437,0.033133,1.0421,0.215437,0.033133,0.319937,0.671376,0.738586,-0.468425,0.693454,0.606083],
    "faces": [32,0,1,4,0,1,2,32,0,4,5,0,2,3,33,0,7,2,8,0,4,5,6,32,1,0,8,1,0,6,32,10,9,2,7,8,5,32,2,9,8,5,8,6,32,5,10,7,3,7,4,32,6,9,10,9,8,7,32,1,8,9,1,6,8,32,5,6,10,3,9,7,32,5,4,6,3,2,9,32,4,3,6,2,10,9,32,6,1,9,9,1,8,32,6,3,1,9,10,1,32,4,1,3,2,1,10,32,10,2,7,7,5,4,32,0,5,7,0,3,4],
    "uvs": [],
    "name": "IcosphereGeometry.2",
    "normals": [0.033723,-0.861782,-0.506119,0.856014,-0.49147,0.160161,-0.253029,-0.652516,0.714255,-0.864925,-0.463576,0.192297,-0.878475,0.213843,-0.427198,0.025056,0.857784,-0.513352,0.878689,0.239143,-0.413129,-0.509293,0.612507,0.60445,0.370403,0.603137,0.706381,0.058931,0.057222,0.996612,0.291543,-0.466262,0.8352]
}