{
    "faces": [34,6,9,0,0,0,1,2,34,0,9,2,0,2,1,3,34,8,4,11,0,4,5,6,34,7,11,12,0,7,6,8,34,0,2,14,0,2,3,9,34,10,14,4,0,10,9,5,34,1,4,15,0,11,5,12,34,12,1,5,0,8,11,13,34,2,12,5,0,3,8,13,34,3,2,5,0,14,3,13,34,4,3,15,0,5,14,12,34,15,3,5,0,12,14,13,34,5,1,15,0,13,11,12,34,4,14,3,0,5,9,14,34,14,2,3,0,9,3,14,34,13,12,2,0,15,8,3,34,12,11,1,0,8,6,11,34,11,4,1,0,6,5,11,34,10,0,14,0,10,2,9,34,2,9,13,0,3,1,15,34,13,9,12,0,15,1,8,34,9,7,12,0,1,7,8,34,7,8,11,0,7,4,6,34,8,10,4,0,4,10,5,34,6,0,10,0,0,2,10,34,6,7,9,0,0,7,1,34,8,6,10,0,4,0,10,34,6,8,7,0,0,4,7],
    "normals": [0.14597,-0.982055,0.119175,-0.763878,-0.644917,0.02298,-0.288125,-0.655507,-0.69805,-0.586657,0.336375,-0.736625,0.829402,-0.498856,0.251381,0.95349,0.28486,0.098209,0.333537,0.060762,0.940764,-0.096286,-0.519456,0.849025,-0.792535,0.334544,0.509812,0.311319,0.051943,-0.948882,0.59508,-0.501511,-0.627949,-0.040803,0.517899,0.854427,0.371838,0.889126,0.266671,-0.231544,0.962066,-0.14423,0.547197,0.52208,-0.654164,-0.99588,0.003723,-0.090335],
    "vertices": [-8.5137,-24.7732,-27.3472,0.130937,18.5177,33.7036,-21.14,12.7626,-30.1039,18.8755,18.5177,-27.3472,37.2201,11.1368,4.88942,-6.44807,37.5,-4.88938,6.44807,-37.5,4.88938,-0.130938,-18.5177,33.7037,30.6723,-18.5176,10.545,-30.7719,-23.7343,0,19.0877,-18.5176,-27.1864,11.6747,1.89456,37.5,-32.2037,12.6113,19.6766,-37.7799,-1.89456,-0,11.6747,1.89456,-37.5,12.2653,33.8559,9.30046],
    "metadata": {
        "version": 3,
        "normals": 16,
        "vertices": 16,
        "type": "Geometry",
        "materials": 1,
        "uvs": 0,
        "faces": 28,
        "generator": "io_three"
    },
    "name": "IcosphereGeometry",
    "materials": [{
        "transparent": false,
        "opacity": 1,
        "specularCoef": 50,
        "colorEmissive": [0,0,0],
        "blending": "NormalBlending",
        "colorDiffuse": [0.16691,0.421692,0.683994],
        "depthWrite": true,
        "wireframe": false,
        "DbgName": "Sky",
        "DbgIndex": 0,
        "DbgColor": 15658734,
        "visible": true,
        "colorSpecular": [0.5,0.5,0.5],
        "shading": "phong",
        "depthTest": true
    }],
    "uvs": []
}