{
    "materials": [{
        "visible": true,
        "depthWrite": true,
        "colorEmissive": [0,0,0],
        "DbgColor": 15658734,
        "colorDiffuse": [0.016231,0.338614,0.093577],
        "wireframe": false,
        "opacity": 1,
        "specularCoef": 50,
        "DbgName": "Tree",
        "blending": "NormalBlending",
        "shading": "phong",
        "depthTest": true,
        "transparent": false,
        "colorSpecular": [0.5,0.5,0.5],
        "DbgIndex": 0
    },{
        "visible": true,
        "depthWrite": true,
        "colorEmissive": [0,0,0],
        "DbgColor": 15597568,
        "colorDiffuse": [0.152961,0.072673,0.051843],
        "wireframe": false,
        "opacity": 1,
        "specularCoef": 50,
        "DbgName": "Trunk",
        "blending": "NormalBlending",
        "shading": "phong",
        "depthTest": true,
        "transparent": false,
        "colorSpecular": [0.5,0.5,0.5],
        "DbgIndex": 1
    }],
    "normals": [0,-0.40846,-0.912748,0,0.987152,0.159612,0.710898,0.585772,0.389172,0.645405,-0.40846,-0.645405,0.627827,0.365825,0.686972,0.912748,-0.40846,0,0.349864,0.288308,0.891293,0.645405,-0.40846,0.645405,0,0.268044,0.963378,0,-0.40846,0.912748,-0.349864,0.288308,0.891293,-0.645405,-0.40846,0.645405,-0.627827,0.365825,0.686972,-0.912748,-0.40846,0,0,0,1,-0.645405,-0.40846,-0.645405,-0.710898,0.585772,0.389172,0.00589,-0.999969,0,0.004181,-0.999969,0.004181,0.420698,-0.803705,0.420698,0.594989,-0.803705,0,-0.971191,-0.238289,0,-0.932615,-0.36079,0,-0.659444,-0.36079,-0.659444,-0.686728,-0.238289,-0.686728,0,-0.36079,-0.932615,0,-0.238289,-0.971191,-0.686728,-0.238289,0.686728,-0.659444,-0.36079,0.659444,0,-0.238289,0.971191,0,-0.36079,0.932615,0.686728,-0.238289,0.686728,0.659444,-0.36079,0.659444,0.971191,-0.238289,0,0.932615,-0.36079,0,0.686728,-0.238289,-0.686728,0.659444,-0.36079,-0.659444,-0.963042,-0.269234,0,-0.900388,-0.435011,0,-0.636677,-0.435011,-0.636677,-0.68099,-0.269234,-0.68099,0,-0.435011,-0.900388,0,-0.269234,-0.963042,-0.68099,-0.269234,0.68099,-0.636677,-0.435011,0.636677,0,-0.269234,0.963042,0,-0.435011,0.900388,0.68099,-0.269234,0.68099,0.636677,-0.435011,0.636677,0.963042,-0.269234,0,0.900388,-0.435011,0,0.68099,-0.269234,-0.68099,0.636677,-0.435011,-0.636677,-0.964904,-0.26252,0,-0.905606,-0.424085,0,-0.640339,-0.424085,-0.640339,-0.682272,-0.26252,-0.682272,0,-0.424085,-0.905606,0,-0.26252,-0.964904,-0.682272,-0.26252,0.682272,-0.640339,-0.424085,0.640339,0,-0.26252,0.964904,0,-0.424085,0.905606,0.682272,-0.26252,0.682272,0.640339,-0.424085,0.640339,0.964904,-0.26252,0,0.905606,-0.424085,0,0.682272,-0.26252,-0.682272,0.640339,-0.424085,-0.640339,-0.946867,-0.321543,0,-0.881985,-0.471206,0,-0.623676,-0.471206,-0.623676,-0.669546,-0.321543,-0.669546,0,-0.471206,-0.881985,0,-0.321543,-0.946867,-0.669546,-0.321543,0.669546,-0.623676,-0.471206,0.623676,0,-0.321543,0.946867,0,-0.471206,0.881985,0.669546,-0.321543,0.669546,0.623676,-0.471206,0.623676,0.946867,-0.321543,0,0.881985,-0.471206,0,0.669546,-0.321543,-0.669546,0.623676,-0.471206,-0.623676,0,-0.999969,-0.00589,0.004181,-0.999969,-0.004181,0,-0.999969,0.00589,-0.004181,-0.999969,0.004181,-0.00589,-0.999969,0,-0.004181,-0.999969,-0.004181,0.310923,0.244514,0.918424,0,0.227393,0.973785,0,0.824671,0.5656,-0.628956,0.494613,0.59975,-0.416547,0.808039,-0.416547,0,0.808039,-0.589099,0.628956,0.494613,0.59975,0.557482,0.310007,0.770104,-0.557482,0.310007,0.770104,-0.310923,0.244514,0.918424,0.589099,0.808039,0,0.416547,0.808039,-0.416547,-0.589099,0.808039,0,-0.416547,0.808039,0.416547,0,0.808039,0.589099,0.416547,0.808039,0.416547,-0.594989,-0.803705,0,-0.420698,-0.803705,-0.420698,-0.549333,-0.629627,-0.549333,-0.776849,-0.629627,0,-0.420698,-0.803705,0.420698,0,-0.803705,0.594989,0.420698,-0.803705,-0.420698,0,-0.803705,-0.594989,0,-0.629627,-0.776849,0.549333,-0.629627,-0.549333,0.776849,-0.629627,0,0.549333,-0.629627,0.549333,0,-0.629627,0.776849,-0.549333,-0.629627,0.549333],
    "faces": [35,48,1,3,49,0,0,1,2,3,35,49,3,5,50,0,3,2,4,5,35,50,5,7,51,0,5,4,6,7,35,51,7,9,52,0,7,6,8,9,35,52,9,11,53,0,9,8,10,11,35,53,11,13,54,0,11,10,12,13,35,5,3,88,90,0,4,2,14,14,35,55,15,1,48,0,15,16,1,0,35,54,13,15,55,0,13,12,16,15,35,4,6,115,114,0,17,18,19,20,35,85,22,23,86,0,21,22,23,24,35,86,23,16,87,0,24,23,25,26,35,84,21,22,85,0,27,28,22,21,35,83,20,21,84,0,29,30,28,27,35,82,19,20,83,0,31,32,30,29,35,81,18,19,82,0,33,34,32,31,35,80,17,18,81,0,35,36,34,33,35,87,16,17,80,0,26,25,36,35,35,77,30,31,78,0,37,38,39,40,35,78,31,24,79,0,40,39,41,42,35,76,29,30,77,0,43,44,38,37,35,75,28,29,76,0,45,46,44,43,35,74,27,28,75,0,47,48,46,45,35,73,26,27,74,0,49,50,48,47,35,72,25,26,73,0,51,52,50,49,35,79,24,25,72,0,42,41,52,51,35,69,38,39,70,0,53,54,55,56,35,70,39,32,71,0,56,55,57,58,35,68,37,38,69,0,59,60,54,53,35,67,36,37,68,0,61,62,60,59,35,66,35,36,67,0,63,64,62,61,35,65,34,35,66,0,65,66,64,63,35,64,33,34,65,0,67,68,66,65,35,71,32,33,64,0,58,57,68,67,35,61,46,47,62,0,69,70,71,72,35,62,47,40,63,0,72,71,73,74,35,60,45,46,61,0,75,76,70,69,35,59,44,45,60,0,77,78,76,75,35,58,43,44,59,0,79,80,78,77,35,57,42,43,58,0,81,82,80,79,35,56,41,42,57,0,83,84,82,81,35,63,40,41,56,0,74,73,84,83,35,46,54,55,47,0,70,13,15,71,35,47,55,48,40,0,71,15,0,73,35,45,53,54,46,0,76,11,13,70,35,44,52,53,45,0,78,9,11,76,35,43,51,52,44,0,80,7,9,78,35,42,50,51,43,0,82,5,7,80,35,41,49,50,42,0,84,3,5,82,35,40,48,49,41,0,73,0,3,84,35,32,63,56,33,0,57,74,83,68,35,33,56,57,34,0,68,83,81,66,35,34,57,58,35,0,66,81,79,64,35,35,58,59,36,0,64,79,77,62,35,36,59,60,37,0,62,77,75,60,35,37,60,61,38,0,60,75,69,54,35,39,62,63,32,0,55,72,74,57,35,38,61,62,39,0,54,69,72,55,35,24,71,64,25,0,41,58,67,52,35,25,64,65,26,0,52,67,65,50,35,26,65,66,27,0,50,65,63,48,35,27,66,67,28,0,48,63,61,46,35,28,67,68,29,0,46,61,59,44,35,29,68,69,30,0,44,59,53,38,35,31,70,71,24,0,39,56,58,41,35,30,69,70,31,0,38,53,56,39,35,16,79,72,17,0,25,42,51,36,35,17,72,73,18,0,36,51,49,34,35,18,73,74,19,0,34,49,47,32,35,19,74,75,20,0,32,47,45,30,35,20,75,76,21,0,30,45,43,28,35,21,76,77,22,0,28,43,37,22,35,23,78,79,16,0,23,40,42,25,35,22,77,78,23,0,22,37,40,23,35,0,87,80,2,0,85,26,35,86,35,2,80,81,4,0,86,35,33,17,35,4,81,82,6,0,17,33,31,18,35,6,82,83,8,0,18,31,29,87,35,8,83,84,10,0,87,29,27,88,35,10,84,85,12,0,88,27,21,89,35,87,0,14,86,0,26,85,90,24,35,12,85,86,14,0,89,21,24,90,35,92,91,99,100,0,14,14,91,92,35,11,9,92,93,0,10,8,14,14,35,1,15,95,89,0,1,16,14,14,35,3,1,89,88,0,2,1,14,14,35,7,5,90,91,0,6,4,14,14,35,13,11,93,94,0,12,10,14,14,35,9,7,91,92,0,8,6,14,14,35,15,13,94,95,0,16,12,14,14,35,97,103,111,105,0,93,94,95,96,35,90,88,96,98,0,14,14,97,98,35,95,94,102,103,0,14,14,99,94,35,93,92,100,101,0,14,14,92,100,35,91,90,98,99,0,14,14,98,91,35,88,89,97,96,0,14,14,93,97,35,89,95,103,97,0,14,14,94,93,35,94,93,101,102,0,14,14,100,99,34,106,104,105,0,101,102,96,34,105,111,110,0,96,95,103,34,110,109,108,0,103,104,105,34,108,107,106,0,105,106,101,34,106,105,110,0,101,96,103,34,110,108,106,0,103,105,101,35,102,101,109,110,0,99,100,104,103,35,100,99,107,108,0,92,91,106,105,35,98,96,104,106,0,98,97,102,101,35,103,102,110,111,0,94,99,103,95,35,101,100,108,109,0,100,92,105,104,35,99,98,106,107,0,91,98,101,106,35,96,97,105,104,0,97,93,96,102,35,118,119,127,126,1,107,108,109,110,35,10,12,118,117,0,88,89,107,111,35,6,8,116,115,0,18,87,112,19,35,12,14,119,118,0,89,90,108,107,35,2,4,114,113,0,86,17,20,113,35,8,10,117,116,0,87,88,111,112,35,14,0,112,119,0,90,85,114,108,35,0,2,113,112,0,85,86,113,114,34,127,120,121,1,109,115,116,34,121,122,123,1,116,117,118,34,123,124,125,1,118,119,120,34,125,126,127,1,120,110,109,34,127,121,123,1,109,116,118,34,123,125,127,1,118,120,109,35,116,117,125,124,1,112,111,120,119,35,114,115,123,122,1,20,19,118,117,35,112,113,121,120,1,114,113,116,115,35,119,112,120,127,1,108,114,115,109,35,117,118,126,125,1,111,107,110,120,35,115,116,124,123,1,19,112,119,118,35,113,114,122,121,1,113,20,117,116],
    "uvs": [],
    "metadata": {
        "materials": 2,
        "normals": 121,
        "faces": 132,
        "version": 3,